{
	"variables": [],
	"info": {
		"name": "Assignment_1_Gwyneth_Lai",
		"_postman_id": "3799895b-9148-5fd8-1041-1cfc0a55eff3",
		"description": "",
		"schema": "https://schema.getpostman.com/json/collection/v2.0.0/collection.json"
	},
	"item": [
		{
			"name": "http://localhost:9020/user",
			"request": {
				"url": "http://localhost:9020/user",
				"method": "GET",
				"header": [
					{
						"key": "Content-Type",
						"value": "application/json",
						"description": ""
					},
					{
						"key": "Authorization",
						"value": "Basic R29qaTpwYXNzd29yZA==",
						"description": ""
					},
					{
						"key": "x-access-token",
						"value": "eyJ0eXAiOiJKV1QiLCJhbGciOiJIUzI1NiJ9.eyJpZCI6MiwiZXhwIjoxNjQyOTIyODk0fQ.MMMLUP5_TPbVJvfw9GYPOPVpOlyhPIOVImn_Cw78IQQ",
						"description": ""
					}
				],
				"body": {
					"mode": "raw",
					"raw": "{\"name\": \"gwyn\" , \"password\":\"password\"}"
				},
				"description": ""
			},
			"response": []
		},
		{
			"name": "localhost:9020/user/1",
			"request": {
				"url": "localhost:9020/user/1",
				"method": "GET",
				"header": [
					{
						"key": "Authorization",
						"value": "Basic R29qaTpwYXNzd29yZA==",
						"description": ""
					},
					{
						"key": "x-access-token",
						"value": "eyJ0eXAiOiJKV1QiLCJhbGciOiJIUzI1NiJ9.eyJpZCI6MiwiZXhwIjoxNjQyOTIyODk0fQ.MMMLUP5_TPbVJvfw9GYPOPVpOlyhPIOVImn_Cw78IQQ",
						"description": ""
					}
				],
				"body": {},
				"description": "Get one user"
			},
			"response": []
		},
		{
			"name": "http://localhost:9020/register",
			"request": {
				"url": "http://localhost:9020/register",
				"method": "POST",
				"header": [
					{
						"key": "Content-Type",
						"value": "application/json",
						"description": ""
					}
				],
				"body": {
					"mode": "raw",
					"raw": "{\"name\": \"Jess\" , \"password\":\"password\"}"
				},
				"description": ""
			},
			"response": []
		},
		{
			"name": "http://localhost:9020/user/5 ",
			"request": {
				"url": "http://localhost:9020/user/5",
				"method": "POST",
				"header": [
					{
						"key": "x-access-token",
						"value": "eyJ0eXAiOiJKV1QiLCJhbGciOiJIUzI1NiJ9.eyJpZCI6MiwiZXhwIjoxNjQyOTIyODk0fQ.MMMLUP5_TPbVJvfw9GYPOPVpOlyhPIOVImn_Cw78IQQ",
						"description": ""
					},
					{
						"key": "Content-Type",
						"value": "application/json",
						"description": ""
					}
				],
				"body": {
					"mode": "raw",
					"raw": "{\"name\": \"ToBeDeleted\" , \"password\":\"password\"}"
				},
				"description": "Creating user through admin"
			},
			"response": []
		},
		{
			"name": "localhost:9020/user/1",
			"request": {
				"url": "localhost:9020/user/1",
				"method": "PUT",
				"header": [
					{
						"key": "x-access-token",
						"value": "eyJ0eXAiOiJKV1QiLCJhbGciOiJIUzI1NiJ9.eyJpZCI6MiwiZXhwIjoxNjQyOTIyODk0fQ.MMMLUP5_TPbVJvfw9GYPOPVpOlyhPIOVImn_Cw78IQQ",
						"description": ""
					},
					{
						"key": "Content-Type",
						"value": "application/json",
						"description": ""
					},
					{
						"key": "Accept",
						"value": "application/json",
						"description": ""
					}
				],
				"body": {},
				"description": ""
			},
			"response": []
		},
		{
			"name": "localhost:9020/user/5",
			"request": {
				"url": "localhost:9020/user/5",
				"method": "DELETE",
				"header": [
					{
						"key": "Content-Type",
						"value": "application/jso",
						"description": ""
					},
					{
						"key": "x-access-token",
						"value": "eyJ0eXAiOiJKV1QiLCJhbGciOiJIUzI1NiJ9.eyJpZCI6MiwiZXhwIjoxNjQyOTIyODk0fQ.MMMLUP5_TPbVJvfw9GYPOPVpOlyhPIOVImn_Cw78IQQ",
						"description": ""
					}
				],
				"body": {},
				"description": ""
			},
			"response": []
		},
		{
			"name": "localhost:9020/login",
			"request": {
				"url": "localhost:9020/login",
				"method": "GET",
				"header": [
					{
						"key": "Authorization",
						"value": "Basic R29qaTpwYXNzd29yZA==",
						"description": ""
					}
				],
				"body": {},
				"description": ""
			},
			"response": []
		}
	]
}